<?xml version="1.0" ?>
<odoo>
    <record model="ir.module.category" id="backup_category">
        <field name="name">Backup</field>
    </record>
    <record model="res.groups" id="group_user">
        <field name="name">User</field>
        <field name="category_id" ref="backup_category" />
    </record>
    <record model="res.groups" id="group_manager">
        <field name="name">Manager</field>
        <field name="category_id" ref="backup_category" />
        <field name="implied_ids" eval="[(4, ref('group_user'))]" />
    </record>
</odoo>
